,name,NBA_and_ones,NBA_assist_percentage,NBA_assists,NBA_block_percentage,NBA_blocking_fouls,NBA_blocks,NBA_box_plus_minus,NBA_center_percentage,NBA_defensive_box_plus_minus,NBA_defensive_rebound_percentage,NBA_defensive_rebounds,NBA_defensive_win_shares,NBA_dunks,NBA_effective_field_goal_percentage,NBA_field_goal_attempts,NBA_field_goal_perc_sixteen_foot_plus_two_pointers,NBA_field_goal_perc_ten_to_sixteen_feet,NBA_field_goal_perc_three_to_ten_feet,NBA_field_goal_perc_zero_to_three_feet,NBA_field_goal_percentage,NBA_field_goals,NBA_free_throw_attempt_rate,NBA_free_throw_attempts,NBA_free_throw_percentage,NBA_free_throws,NBA_games_played,NBA_games_started,NBA_half_court_heaves,NBA_half_court_heaves_made,NBA_height,NBA_lost_ball_turnovers,NBA_minutes_played,NBA_nationality,NBA_net_plus_minus,NBA_offensive_box_plus_minus,NBA_offensive_fouls,NBA_offensive_rebound_percentage,NBA_offensive_rebounds,NBA_offensive_win_shares,NBA_on_court_plus_minus,NBA_other_turnovers,NBA_passing_turnovers,NBA_percentage_field_goals_as_dunks,NBA_percentage_of_three_pointers_from_corner,NBA_percentage_shots_three_pointers,NBA_percentage_shots_two_pointers,NBA_percentage_sixteen_foot_plus_two_pointers,NBA_percentage_ten_to_sixteen_footers,NBA_percentage_three_to_ten_footers,NBA_percentage_zero_to_three_footers,NBA_personal_fouls,NBA_player_efficiency_rating,NBA_player_id,NBA_point_guard_percentage,NBA_points,NBA_points_generated_by_assists,NBA_position,NBA_power_forward_percentage,NBA_salary,NBA_shooting_distance,NBA_shooting_fouls,NBA_shooting_fouls_drawn,NBA_shooting_guard_percentage,NBA_shots_blocked,NBA_small_forward_percentage,NBA_steal_percentage,NBA_steals,NBA_take_fouls,NBA_team_abbreviation,NBA_three_point_attempt_rate,NBA_three_point_attempts,NBA_three_point_percentage,NBA_three_point_shot_percentage_from_corner,NBA_three_pointers,NBA_three_pointers_assisted_percentage,NBA_total_rebound_percentage,NBA_total_rebounds,NBA_true_shooting_percentage,NBA_turnover_percentage,NBA_turnovers,NBA_two_point_attempts,NBA_two_point_percentage,NBA_two_pointers,NBA_two_pointers_assisted_percentage,NBA_usage_percentage,NBA_value_over_replacement_player,NBA_weight,NBA_win_shares,NBA_win_shares_per_48_minutes,NCAAB_assist_percentage,NCAAB_assists,NCAAB_block_percentage,NCAAB_blocks,NCAAB_box_plus_minus,NCAAB_conference,NCAAB_defensive_box_plus_minus,NCAAB_defensive_rebound_percentage,NCAAB_defensive_rebounds,NCAAB_defensive_win_shares,NCAAB_effective_field_goal_percentage,NCAAB_field_goal_attempts,NCAAB_field_goal_percentage,NCAAB_field_goals,NCAAB_free_throw_attempt_rate,NCAAB_free_throw_attempts,NCAAB_free_throw_percentage,NCAAB_free_throws,NCAAB_games_played,NCAAB_games_started,NCAAB_height,NCAAB_minutes_played,NCAAB_offensive_box_plus_minus,NCAAB_offensive_rebound_percentage,NCAAB_offensive_rebounds,NCAAB_offensive_win_shares,NCAAB_personal_fouls,NCAAB_player_efficiency_rating,NCAAB_player_id,NCAAB_points,NCAAB_points_produced,NCAAB_position,NCAAB_steal_percentage,NCAAB_steals,NCAAB_team_abbreviation,NCAAB_three_point_attempt_rate,NCAAB_three_point_attempts,NCAAB_three_point_percentage,NCAAB_three_pointers,NCAAB_total_rebound_percentage,NCAAB_total_rebounds,NCAAB_true_shooting_percentage,NCAAB_turnover_percentage,NCAAB_turnovers,NCAAB_two_point_attempts,NCAAB_two_point_percentage,NCAAB_two_pointers,NCAAB_usage_percentage,NCAAB_weight,NCAAB_win_shares,NCAAB_win_shares_per_40_minutes
0,James Michael McAdoo,,2.1,2,4.9,,9,-1.8,0,0.5,16.8,22,0.3,11,0.545,44,0.0,1.0,0.091,0.71,0.545,24,0.568,25,0.56,14,15,0,0,0,6-9,,137,United States of America,,-2.3,,12.2,15,0.2,,,,0.295,,0.0,1.0,0.023,0.023,0.25,0.705,21,17.7,mcadoja01,0,62,,PF,0,167122.0,2.5,,,0,,0,1.8,5,,GSW,0.0,0,,,0,,14.6,37,0.564,9.8,6,44,0.545,24,0.833,19.4,0.0,230,0.5,0.177,11.0,59,3.2,31,5.7,acc,3.9,14.9,140,1.9,0.458,378,0.458,173,0.68,257,0.537,138,34,34,6-9,1023,1.8,9.5,90,1.9,92,20.3,james-michael-mcadoo-1,484,473,Forward,2.5,45,north-carolina,0.019,7,0.0,0,12.2,230,0.484,8.8,48,371,0.466,173,25.5,230,3.9,0.151
1,Dwight Powell,,5.5,9,2.1,,6,-0.9,0,0.1,14.9,32,0.3,5,0.485,67,0.35,0.8,0.0,0.708,0.463,31,0.493,33,0.758,25,29,0,0,0,6-10,,236,Canada,,-1.0,,8.3,18,0.3,,,,0.104,0.273,0.164,0.836,0.299,0.075,0.104,0.358,40,13.8,poweldw01,0,90,,C,0,507336.0,11.5,,,0,,0,1.9,9,,TOT,0.164,11,0.273,0.333,3,1.0,11.6,50,0.552,11.9,11,56,0.5,28,0.714,17.5,0.1,240,0.6,0.122,20.4,112,2.8,30,6.5,pac-12,4.5,17.3,177,2.0,0.475,379,0.462,175,0.557,211,0.687,145,36,36,6-10,1167,2.0,7.3,70,1.8,113,19.7,dwight-powell-1,505,537,Forward,2.4,47,stanford,0.103,39,0.256,10,12.5,247,0.527,17.8,104,340,0.485,165,26.0,240,3.8,0.131
2,Grant Jerrett,,9.6,3.0,3.1,,2.0,-8.4,0,-1.5,15.2,7.0,0.1,0.0,0.288,26.0,0.0,1.0,0.667,1.0,0.269,7.0,0.038,1.0,1.0,1.0,8.0,0.0,0.0,0.0,6-10,,51.0,United States of America,,-6.8,,4.4,2.0,-0.2,,,,0.0,0.267,0.577,0.423,0.115,0.038,0.231,0.038,11.0,1.5,jerregr01,0,16.0,,,0,816481.0,18.0,,,0,,0,2.1,2.0,,TOT,0.577,15.0,0.067,0.0,1.0,1.0,9.9,9.0,0.303,10.2,3.0,11.0,0.545,6.0,0.5,25.4,-0.1,235,-0.1,-0.128,5.7,18,5.8,33,7.4,pac-12,4.7,17.9,85,1.1,0.513,154,0.409,63,0.143,22,0.818,18,34,2,6-10,606,2.7,7.6,37,1.2,44,16.6,grant-jerrett-1,176,170,Forward,1.6,16,arizona,0.513,79,0.405,32,12.7,122,0.535,10.4,19,75,0.413,31,15.6,235,2.3,0.15
3,Mitch McGary,,4.6,14.0,2.6,,16.0,-2.4,0,-0.1,24.4,112.0,0.7,14.0,0.533,165.0,0.25,0.4,0.353,0.685,0.533,88.0,0.242,40.0,0.625,25.0,32.0,2.0,0.0,0.0,6-10,,485.0,United States of America,,-2.3,,11.9,53.0,0.6,,,,0.097,0.5,0.012,0.988,0.073,0.152,0.206,0.558,72.0,16.6,mcgarmi01,0,201.0,,,0,1400040.0,5.5,,,0,,0,1.7,16.0,,OKC,0.012,2.0,0.0,0.0,0.0,,18.2,165.0,0.55,14.5,31.0,163.0,0.54,88.0,0.739,19.0,-0.1,255,1.3,0.127,12.6,12,3.2,6,11.9,big-ten,7.2,27.1,43,0.5,0.545,55,0.545,30,0.436,24,0.667,16,8,4,6-10,198,4.7,15.5,23,0.5,25,26.2,mitch-mcgary-1,76,84,Forward,4.9,15,michigan,0.036,2,0.0,0,21.5,66,0.572,16.4,13,53,0.566,30,22.5,255,1.0,0.208
4,Tarik Black,,5.6,42,1.6,,24,-1.6,0,-0.6,21.4,226,0.9,57,0.575,273,0.231,0.0,0.478,0.652,0.575,157,0.432,118,0.551,65,63,39,1,0,6-9,,1196,United States of America,,-1.0,,12.8,142,2.2,,,,0.231,0.0,0.004,0.996,0.048,0.018,0.245,0.685,158,14.7,blackta01,0,379,,C,0,507336.0,3.4,,,0,,0,0.8,19,,TOT,0.004,1,0.0,,0,,17.0,368,0.583,12.9,48,272,0.577,157,0.643,13.8,0.1,250,3.1,0.124,3.9,9,4.0,17,7.5,big-12,3.1,21.3,87,0.8,0.692,107,0.692,74,0.514,55,0.6,33,33,15,6-9,446,4.4,11.6,41,1.2,93,20.6,tarik-black-1,181,163,Forward,1.3,10,kansas,0.009,1,0.0,0,16.8,128,0.68,14.7,23,106,0.698,74,17.3,260,2.0,0.181
5,Nick Johnson,,6.3,11.0,0.9,,3.0,-7.3,0,-1.2,10.9,26.0,0.2,4.0,0.38,75.0,0.0,0.0,0.333,0.469,0.347,26.0,0.333,25.0,0.68,17.0,28.0,0.0,0.0,0.0,6-3,,262.0,United States of America,,-6.1,,5.5,13.0,-0.4,,,,0.067,0.333,0.28,0.72,0.027,0.027,0.24,0.427,34.0,4.8,johnsni01,0,74.0,,,0,507336.0,10.1,,,0,,0,1.3,7.0,,HOU,0.28,21.0,0.238,0.286,5.0,0.8,8.2,39.0,0.43,18.1,19.0,54.0,0.389,21.0,0.476,17.4,-0.3,202,-0.1,-0.02,17.6,107,2.0,25,10.3,pac-12,4.6,11.1,123,3.1,0.498,474,0.432,205,0.395,187,0.781,146,38,38,6-3,1257,5.7,3.0,31,3.6,76,21.5,nick-johnson-1,618,573,Guard,2.1,43,arizona,0.357,169,0.367,62,7.2,154,0.549,10.2,64,305,0.469,143,26.3,200,6.7,0.212
6,JaMychal Green,,4.0,4,2.4,,5,-2.1,0,-0.1,18.0,26,0.3,6,0.574,47,0.3,,1.0,0.741,0.574,27,0.213,10,0.8,8,24,1,0,0,6-8,,164,United States of America,,-2.0,,13.3,19,0.1,,,,0.128,0.5,0.128,0.872,0.213,0.0,0.085,0.574,25,14.9,greenja01,0,62,,PF,0,59686.0,8.4,,,0,,0,1.6,5,,TOT,0.128,6,0.0,0.0,0,,15.7,45,0.603,21.4,14,41,0.659,27,0.593,18.3,0.0,227,0.4,0.119,14.9,46,6.0,39,8.9,sec,5.7,20.8,129,1.8,0.55,249,0.546,136,0.518,129,0.69,89,26,22,6-8,760,3.3,10.5,63,2.0,82,25.3,jamychal-green-1,363,349.0,Forward,1.6,19,alabama,0.04,10,0.2,2,15.7,192,0.585,18.4,70,239,0.561,134,27.3,240,3.8,0.199
7,Will Cherry,,16.4,8,1.1,,1,-3.7,0,0.7,6.6,4,0.1,0,0.316,19,0.0,,0.333,0.333,0.263,5,0.316,6,0.5,3,8,0,0,0,6-0,,69,United States of America,,-4.4,,1.7,1,-0.1,,,,0.0,0.333,0.474,0.526,0.053,0.0,0.158,0.316,10,5.8,cherrwi01,0,15,,PG,0,25000.0,14.1,,,0,,0,4.5,6,,CLE,0.474,9,0.222,0.333,2,1.0,4.2,5,0.347,15.6,4,10,0.3,3,0.333,16.8,0.0,185,0.0,-0.021,25.9,86,1.2,8,2.3,big-sky,0.9,13.8,76,1.0,0.45,221,0.403,89,0.557,123,0.764,94,22,21,6-1,723,1.4,3.4,18,1.5,38,20.6,will-cherry-1,293,314,Guard,3.6,42,montana,0.362,80,0.263,21,8.7,94,0.524,17.2,58,141,0.482,68,26.1,177,2.5,0.137
8,Joe Harris,,7.7,26,0.3,,2,-4.5,0,-2.5,7.8,34,0.2,0,0.529,120,0.5,0.4,0.375,0.533,0.4,48,0.125,15,0.6,9,51,1,0,0,6-6,,493,United States of America,,-2.0,,1.7,7,0.0,,,,0.0,0.536,0.7,0.3,0.067,0.042,0.067,0.125,62,5.6,harrijo01,0,136,,SG,0,884879.0,19.4,,,0,,0,0.7,7,,CLE,0.7,84,0.369,0.378,31,0.968,4.8,41,0.537,17.6,27,36,0.472,17,0.765,14.1,-0.3,220,0.2,0.018,6.1,5,0.0,0,-6.4,southland,-5.2,12.5,15,0.0,0.56,42,0.452,19,0.095,4,0.0,0,15,1,6-6,151,-1.2,5.6,9,0.2,10,11.9,joe-harris-1,47,42,Forward,1.1,3,central-arkansas,0.571,24,0.375,9,8.6,24,0.535,12.0,6,18,0.556,10,14.9,198,0.2,0.051
9,Tim Frazier,,39.4,60,0.0,,0,-7.3,0,-2.4,10.2,22,0.2,0,0.385,61,0.25,0.375,0.154,0.6,0.344,21,0.344,21,0.476,10,11,3,0,0,6-0,,239,United States of America,,-4.9,,2.6,6,-0.3,,,,0.0,0.0,0.279,0.721,0.131,0.131,0.213,0.246,26,8.1,fraziti01,0,57,,PG,0,59686.0,13.1,,,0,,0,1.7,8,,TOT,0.279,17,0.294,,5,0.8,6.3,28,0.406,26.2,25,44,0.364,16,0.188,17.5,-0.3,170,-0.1,-0.017,33.1,182,0.6,6,6.1,big-ten,1.3,11.6,120,1.4,0.463,379,0.43,163,0.528,200,0.785,157,34,34,6-1,1196,4.8,3.0,31,2.7,87,20.1,tim-frazier-1,508,553,Guard,2.7,53,penn-state,0.227,86,0.291,25,7.3,151,0.536,16.3,92,293,0.471,138,24.7,170,4.1,0.136
10,Adreian Payne,,6.4,30,1.0,,9,-5.9,0,-1.3,18.2,114,0.2,16,0.416,220,0.409,0.344,0.4,0.517,0.414,91,0.209,46,0.652,30,32,22,0,0,6-10,,739,United States of America,,-4.6,,7.2,48,-0.7,,,,0.095,0.111,0.041,0.959,0.3,0.145,0.25,0.264,88,7.7,paynead01,0,213,,PF,0,1855320.0,10.5,,,0,,0,1.3,19,,TOT,0.041,9,0.111,0.0,1,1.0,12.5,162,0.443,15.5,44,211,0.427,90,0.633,17.0,-0.7,237,-0.5,-0.033,10.2,41,3.8,28,6.6,big-ten,2.1,22.9,177,1.7,0.565,354,0.503,178,0.39,138,0.79,109,31,28,6-10,870,4.5,6.8,48,2.7,80,25.1,adreian-payne-1,509,443,Center,1.0,15,michigan-state,0.294,104,0.423,44,15.2,225,0.607,13.1,63,250,0.536,134,28.9,245,4.3,0.2
11,Tyler Ennis,,27.3,73,1.0,,5,-6.7,0,-1.5,7.7,28,0.5,2,0.403,144,0.278,0.462,0.346,0.455,0.361,52,0.049,7,0.714,5,33,1,0,0,6-3,,411,Canada,,-5.2,,1.9,7,-0.8,,,,0.014,0.233,0.299,0.701,0.125,0.09,0.181,0.306,36,7.3,ennisty01,0,121,,PG,0,1590720.0,12.8,,,0,,0,2.2,18,,TOT,0.299,43,0.279,0.3,12,0.667,4.8,35,0.411,22.2,42,101,0.396,40,0.325,20.6,-0.5,194,-0.3,-0.04,32.3,187,0.7,6,7.7,acc,2.3,9.0,88,2.2,0.453,360,0.411,148,0.414,149,0.765,114,34,34,6-2,1215,5.4,2.6,27,3.2,69,21.3,tyler-ennis-1,440,480,Guard,3.9,71,syracuse,0.236,85,0.353,30,5.7,115,0.511,11.9,58,275,0.429,118,21.9,180,5.5,0.18
12,Erick Green,,15.1,39,0.0,,0,-5.4,0,-2.7,6.6,24,0.1,3,0.42,162,0.367,0.318,0.476,0.667,0.377,61,0.074,12,0.833,10,43,1,0,0,6-4,,410,United States of America,,-2.7,,1.8,7,-0.1,,,,0.019,0.34,0.29,0.71,0.37,0.136,0.13,0.074,26,8.9,greener01,0,146,,PG,0,507336.0,17.1,,,0,,0,1.5,12,,DEN,0.29,47,0.298,0.375,14,0.929,4.1,31,0.436,7.7,14,115,0.409,47,0.489,19.1,-0.3,185,0.0,0.0,27.0,121,0.6,6,9.5,acc,-1.8,11.6,112,0.3,0.53,550,0.475,261,0.485,267,0.816,218,32,32,6-3,1166,11.3,1.4,15,6.2,44,31.6,erick-green-1,801,753,Guard,2.1,42,virginia-tech,0.285,157,0.389,61,6.3,127,0.592,9.3,69,393,0.509,200,32.4,185,6.5,0.222
13,Gary Harris,,5.9,29,0.8,,7,-4.3,0,-0.1,6.7,43,0.5,10,0.353,217,0.321,0.368,0.294,0.48,0.304,66,0.217,47,0.745,35,55,6,0,0,6-4,,719,United States of America,,-4.2,,3.0,21,-1.2,,,,0.055,0.33,0.475,0.525,0.129,0.088,0.078,0.23,71,4.9,harriga01,0,188,,SG,0,1519200.0,16.3,,,0,,0,2.7,39,,DEN,0.475,103,0.204,0.147,21,0.905,4.8,64,0.395,13.8,38,114,0.395,45,0.511,16.6,-0.4,205,-0.7,-0.046,16.8,94,1.6,15,9.4,big-ten,2.5,10.2,103,2.0,0.518,455,0.429,195,0.312,142,0.81,115,35,34,6-4,1131,6.9,4.0,37,3.3,73,22.5,gary-harris-1,586,542,Guard,3.4,63,michigan-state,0.505,230,0.352,81,7.3,140,0.561,10.3,60,225,0.507,114,26.8,210,5.3,0.188
14,Marcus Smart,,16.3,208,0.8,,18,1.1,0,1.3,9.9,161,2.2,6,0.462,477,0.295,0.382,0.256,0.56,0.367,175,0.266,127,0.646,82,67,38,4,0,6-3,,1808,United States of America,,-0.1,,3.6,61,0.7,,,,0.015,0.176,0.57,0.43,0.092,0.071,0.09,0.176,176,11.0,smartma01,0,523,,SG,0,3283320.0,18.0,,,0,,0,2.7,99,,BOS,0.57,272,0.335,0.396,91,0.901,6.7,222,0.491,14.4,90,205,0.41,84,0.393,15.1,1.4,227,2.9,0.077,30.1,148,1.9,18,13.5,big-12,5.5,14.9,139,2.5,0.486,386,0.422,163,0.648,250,0.728,182,31,31,6-4,1014,8.0,5.1,44,3.1,91,26.9,marcus-smart-1,557,589,Guard,5.0,89,oklahoma-state,0.425,164,0.299,49,10.2,183,0.552,14.0,82,222,0.514,114,29.2,220,5.6,0.22
15,James Young,,5.6,13,0.5,,2,-3.8,0,-1.9,11.0,33,0.3,2,0.436,102,0.421,0.5,0.4,0.8,0.353,36,0.284,29,0.552,16,31,0,0,0,6-6,,332,United States of America,,-1.9,,2.9,9,0.1,,,,0.02,0.197,0.647,0.353,0.186,0.02,0.049,0.098,22,8.5,youngja01,0,105,,SG,0,1674480.0,20.3,,,0,,0,1.2,8,,BOS,0.647,66,0.258,0.154,17,0.941,6.9,42,0.457,4.2,5,36,0.528,19,0.842,15.8,-0.2,215,0.3,0.047,10.8,67,0.6,8,6.0,sec,0.8,11.0,130,1.7,0.498,450,0.407,183,0.393,177,0.706,125,40,39,6-6,1296,5.2,3.7,41,3.0,83,16.6,james-young-1,573,527,Guard,1.4,30,kentucky,0.522,235,0.349,82,7.5,171,0.536,12.3,75,215,0.47,101,23.4,215,4.7,0.145
16,Sim Bhullar,,78.5,1,26.3,,1,26.6,0,17.1,36.5,1,0.0,0,0.5,2,,,,,0.5,1,0.0,0,,0,3,0,0,0,7-5,,3,Canada,,9.4,,0.0,0,0.0,,,,0.0,,0.0,1.0,0.0,0.0,0.0,0.0,0,44.3,bhullsi01,0,2,,C,0,29843.0,0.0,,,0,,0,0.0,0,,SAC,0.0,0,,,0,,18.9,1,0.5,0.0,0,2,0.5,1,0.0,29.4,0.0,360,0.0,0.389,11.0,42,11.2,101,7.5,wac,6.1,20.8,155,1.8,0.648,193,0.648,125,0.606,117,0.538,63,30,24,7-5,790,1.4,12.9,80,1.8,83,24.5,sim-bhullar-1,313,314,Center,0.2,3,new-mexico-state,0.0,0,,0,17.2,235,0.63,20.2,63,193,0.648,125,20.0,360,3.5,0.179
17,Eric Moreland,,0.0,0,0.0,,0,-4.5,0,-10.2,54.8,1,0.0,0,1.0,1,,,1.0,,1.0,1,0.0,0,,0,3,0,0,0,6-10,,2,United States of America,,5.8,,0.0,0,0.0,,,,0.0,,0.0,1.0,0.0,0.0,1.0,0.0,1,40.8,moreler01,0,2,,PF,0,507336.0,6.0,,,0,,0,0.0,0,,SAC,0.0,0,,,0,,28.4,1,1.0,0.0,0,1,1.0,1,0.0,22.0,0.0,238,0.0,0.431,9.1,28,6.5,39,3.2,pac-12,4.5,30.2,159,0.9,0.512,130,0.508,66,0.623,81,0.556,45,20,19,6-10,588,-1.3,10.1,46,0.4,49,17.6,eric-moreland-1,178,191,Forward,1.3,13,oregon-state,0.015,2,0.5,1,20.9,205,0.528,21.1,45,128,0.508,65,18.6,218,1.3,0.091
18,Nik Stauskas,,9.0,67,1.2,,17,-3.9,0,-2.0,7.5,77,0.2,4,0.446,296,0.373,0.389,0.24,0.528,0.365,108,0.216,64,0.859,55,73,1,0,0,6-6,,1127,Canada,,-1.9,,1.1,11,0.3,,,,0.014,0.255,0.503,0.497,0.172,0.061,0.084,0.179,92,7.5,stausni01,0,319,,SG,0,2745840.0,17.6,,,0,,0,0.9,20,,SAC,0.503,149,0.322,0.289,48,0.917,4.4,88,0.492,11.0,40,147,0.408,60,0.467,14.2,-0.5,205,0.5,0.021,18.8,118,0.9,11,9.2,big-ten,0.2,8.8,90,1.1,0.586,394,0.47,185,0.518,204,0.824,168,36,36,6-6,1281,9.0,1.6,15,5.0,47,22.7,nik-stauskas-1,630,594,Guard,1.0,20,michigan,0.528,208,0.442,92,5.3,105,0.642,12.0,67,186,0.5,93,24.4,205,6.2,0.193
19,David Stockton,,39.1,9,0.0,,0,-8.4,0,-4.0,6.6,2,0.0,0,0.417,6,,,0.0,0.5,0.333,2,1.0,6,0.5,3,3,0,0,0,5-11,,33,United States of America,,-4.4,,0.0,0,0.0,,,,0.0,0.0,0.333,0.667,0.0,0.0,0.333,0.333,1,10.8,stockda01,0,8,,PG,0,29843.0,11.3,,,0,,0,3.1,2,,SAC,0.333,2,0.5,,1,1.0,3.4,2,0.463,31.6,4,4,0.25,1,0.0,16.9,-0.1,165,0.0,-0.014,25.6,152,0.6,6,4.3,wcc,3.2,8.1,77,1.7,0.472,212,0.434,92,0.425,90,0.756,68,36,36,5-11,1002,1.0,1.1,9,1.2,81,13.6,david-stockton-1,268,324,Guard,3.2,55,gonzaga,0.325,69,0.232,16,4.9,86,0.526,22.3,73,143,0.531,76,16.8,165,2.9,0.116
20,David Wear,,18.8,1,0.0,,0,-3.0,0,-2.7,0.0,0,0.0,0,0.0,2,,,,0.0,0.0,0,0.0,0,,0,2,0,0,0,6-10,,7,United States of America,,-0.3,,33.6,2,0.0,,,,0.0,0.0,0.5,0.5,0.0,0.0,0.0,0.5,1,2.4,wearda01,0,0,,PF,0,29843.0,12.5,,,0,,0,0.0,0,,SAC,0.5,1,0.0,,0,,16.2,2,0.0,0.0,0,1,0.0,0,,12.6,0.0,230,0.0,-0.11,5.4,28.0,1.0,7.0,4.0,pac-12,1.5,12.0,90.0,1.1,0.565,185.0,0.503,93.0,0.222,41.0,0.805,33.0,37.0,37.0,6-10,848.0,2.5,7.4,52.0,1.4,74.0,13.1,david-wear-1,242.0,238.0,Forward,1.5,23.0,ucla,0.281,52.0,0.442,23.0,9.8,142.0,0.592,13.9,33.0,133.0,0.526,70.0,14.0,230,2.4,0.115
21,Cameron Bairstow,,2.2,1,1.1,,1,-7.7,0,-1.0,3.3,2,0.0,0,0.214,14,0.333,0.0,0.0,0.2,0.214,3,0.357,5,0.8,4,18,1,0,0,6-9,,64,Australia,,-6.7,,10.5,6,-0.1,,,,0.0,,0.0,1.0,0.429,0.071,0.143,0.357,8,2.1,bairsca01,0,10,,C,0,507336.0,10.4,,,0,,0,1.6,2,,CHI,0.0,0,,,0,,6.8,8,0.309,15.6,3,14,0.214,3,0.667,13.5,-0.1,250,-0.1,-0.048,11.8,53,4.9,51,7.5,mwc,2.6,16.5,175,2.0,0.558,426,0.556,237,0.7,298,0.735,219,34,34,6-9,1119,4.9,8.5,76,4.5,72,29.0,cameron-bairstow-1,694,627,Forward,1.0,19,new-mexico,0.007,3,0.333,1,12.8,251,0.611,10.7,68,423,0.558,236,29.9,250,6.5,0.232
22,Doug McDermott,,3.0,6,0.2,,1,-8.0,0,-3.3,12.2,37,0.2,2,0.463,107,0.417,0.0,0.125,0.558,0.402,43,0.14,15,0.667,10,36,0,0,0,6-7,,321,United States of America,,-4.8,,2.1,6,-0.3,,,,0.028,0.171,0.383,0.617,0.112,0.028,0.075,0.402,29,6.1,mcderdo01,0,109,,SF,0,2277960.0,13.3,,,0,,0,0.6,4,,CHI,0.383,41,0.317,0.286,13,0.923,7.3,43,0.48,13.0,17,66,0.455,30,0.767,18.3,-0.5,225,0.0,-0.005,11.5,55,0.5,5,8.2,big-east,-1.6,17.8,187,1.4,0.603,627,0.526,330,0.329,206,0.864,178,35,35,6-8,1181,9.8,6.4,57,6.3,67,32.8,doug-mcdermott-1,934,788,Forward,0.4,8,creighton,0.341,214,0.449,96,12.6,244,0.644,7.9,62,413,0.567,234,36.2,225,7.7,0.261
23,Russ Smith,,19.4,8,0.0,,0,-8.0,0,-2.5,8.7,5,0.1,0,0.36,25,0.0,0.25,0.75,0.4,0.32,8,0.52,13,0.923,12,12,0,1,0,6-0,,65,United States of America,,-5.6,,1.8,1,-0.2,,,,0.0,0.091,0.44,0.56,0.04,0.16,0.16,0.2,13,5.2,smithru01,0,30,,PG,0,816482.0,17.2,,,0,,0,2.4,3,,TOT,0.44,11,0.182,0.0,2,1.0,5.3,6,0.488,28.1,12,14,0.429,6,0.0,30.1,-0.1,165,-0.1,-0.094,31.6,172,0.4,4,11.1,aac,3.2,9.6,93,2.9,0.541,481,0.468,225,0.451,217,0.705,153,37,36,6-0,1084,7.9,2.9,29,3.9,92,26.2,russ-smith-1,673,662,Guard,4.0,74,louisville,0.376,181,0.387,70,6.2,122,0.576,15.2,105,300,0.517,155,30.7,165,6.7,0.249
24,Spencer Dinwiddie,,34.9,104,1.0,,6,-4.2,0,-1.5,10.9,44,0.4,1,0.337,169,0.409,0.316,0.269,0.459,0.302,51,0.201,34,0.912,31,34,1,2,0,6-5,,455,United States of America,,-2.6,,0.9,4,-0.3,,,,0.006,0.062,0.385,0.615,0.13,0.112,0.154,0.219,53,10.2,dinwisp01,0,145,,PG,0,700000.0,15.4,,,0,,0,2.2,19,,DET,0.385,65,0.185,0.25,12,0.167,5.7,48,0.394,15.2,33,104,0.375,39,0.128,21.1,-0.2,215,0.1,0.009,26.3,64,0.8,4,10.5,pac-12,1.7,9.6,44,0.8,0.565,131,0.466,61,0.908,119,0.857,102,17,17,6-6,529,8.8,1.8,8,2.2,32,24.8,spencer-dinwiddie-1,250,248,Guard,2.9,26,colorado,0.481,63,0.413,26,5.8,52,0.667,13.8,30,68,0.515,35,21.0,200,3.1,0.231
25,Jabari Brown,,11.0,40,0.3,,2,-3.8,0,-3.0,6.7,33,0.0,3,0.479,170,0.385,0.313,0.316,0.553,0.412,70,0.5,85,0.753,64,19,5,0,0,6-4,,568,United States of America,,-0.8,,0.6,3,0.4,,,,0.024,0.145,0.365,0.635,0.153,0.094,0.112,0.276,33,11.0,brownja01,0,227,,SG,0,44765.0,14.6,,,0,,0,1.1,12,,LAL,0.365,62,0.371,0.333,23,0.913,3.5,36,0.547,13.4,32,108,0.435,47,0.638,18.8,-0.3,215,0.4,0.033,12.2,67,0.4,5,5.6,sec,-1.0,11.5,138,1.1,0.559,435,0.467,203,0.611,266,0.797,212,35,35,6-5,1295,6.6,1.7,17,4.6,57,22.0,jabari-brown-1,698,630,Guard,1.0,22,missouri,0.448,195,0.41,80,7.0,155,0.622,12.7,82,240,0.513,123,26.1,214,5.8,0.178
26,Jordan Clarkson,,23.8,206,0.7,,12,-0.3,0,-1.7,10.5,135,0.4,20,0.48,596,0.386,0.476,0.324,0.665,0.448,267,0.265,158,0.829,131,59,38,0,0,6-4,,1476,United States of America,,1.4,,4.0,56,2.0,,,,0.035,0.099,0.203,0.797,0.221,0.106,0.181,0.285,109,16.9,clarkjo01,0,703,,SG,0,507336.0,12.2,,,0,,0,1.8,51,,LAL,0.203,121,0.314,0.333,38,0.737,7.1,191,0.528,12.6,96,475,0.482,229,0.279,23.0,0.6,194,2.4,0.078,23.3,118.0,0.6,6.0,4.0,sec,0.2,9.3,106.0,1.2,0.482,467.0,0.448,209.0,0.418,195.0,0.831,162.0,35.0,35.0,6-5,1228.0,3.8,2.9,28.0,3.2,76.0,20.2,jordan-clarkson-1,612.0,605.0,Guard,1.9,38.0,missouri,0.244,114.0,0.281,32.0,6.4,134.0,0.547,14.3,93.0,353.0,0.501,177.0,27.9,193,4.4,0.142
27,Julius Randle,,0.0,0,0.0,,0,-16.8,0,-4.5,0.0,0,0.0,0,0.333,3,0.0,,1.0,0.0,0.333,1,0.667,2,0.0,0,1,0,0,0,6-8,,14,United States of America,,-12.3,,0.0,0,-0.1,,,,0.0,,0.0,1.0,0.333,0.0,0.333,0.333,1,-7.5,randlju01,0,2,,PF,0,2997360.0,9.7,,,0,,0,0.0,0,,LAL,0.0,0,,,0,,0.0,0,0.258,20.5,1,3,0.333,1,0.0,15.5,-0.1,250,-0.1,-0.276,10.0,57,2.6,31,7.1,sec,3.0,24.7,277,2.4,0.505,391,0.501,196,0.739,289,0.706,204,40,40,6-9,1233,4.2,13.3,139,3.5,91,24.5,julius-randle-1,599,599,Forward,1.0,20,kentucky,0.046,18,0.167,3,19.2,416,0.567,16.1,101,373,0.517,193,25.4,250,5.9,0.191
28,Jordan Adams,,10.1,16.0,2.3,,7.0,-0.6,0,1.2,8.7,19.0,0.4,0.0,0.465,86.0,0.188,0.714,0.267,0.565,0.407,35.0,0.267,23.0,0.609,14.0,30.0,0.0,0.0,0.0,6-5,,248.0,United States of America,,-1.8,,4.2,9.0,0.0,,,,0.0,0.36,0.291,0.709,0.186,0.081,0.174,0.267,24.0,12.8,adamsjo01,0,94.0,,,0,1344120.0,13.1,,,0,,0,3.4,16.0,,MEM,0.291,25.0,0.4,0.222,10.0,0.9,6.4,28.0,0.489,12.7,14.0,61.0,0.41,25.0,0.6,20.4,0.1,209,0.4,0.073,14.7,84,0.6,5,12.0,pac-12,3.3,13.1,125,2.2,0.545,429,0.485,208,0.441,189,0.836,158,36,36,6-5,1082,8.7,7.5,67,4.2,78,28.3,jordan-adams-1,626,594,Guard,5.0,95,ucla,0.34,146,0.356,52,10.4,192,0.603,9.4,54,283,0.551,156,26.5,220,6.4,0.237
29,Kalin Lucas,,0.0,0,0.0,,0,-1.3,0,6.6,0.0,0,0.0,0,0.0,1,,0.0,,,0.0,0,0.0,0,,0,1,0,0,0,6-1,,6,United States of America,,-7.9,,0.0,0,0.0,,,,0.0,,0.0,1.0,0.0,1.0,0.0,0.0,1,-0.7,lucaska01,0,0,,PG,0,,14.0,,,0,,0,8.7,1,,MEM,0.0,0,,,0,,0.0,0,0.0,0.0,0,1,0.0,0,,7.6,0.0,195,0.0,-0.057,23.7,114,0.2,2,3.9,big-ten,-0.7,5.8,57,1.0,0.487,453,0.428,194,0.369,167,0.82,137,34,34,6-1,1136,4.6,1.6,16,2.9,72,18.7,kalin-lucas-1,578,538.0,Guard,1.9,35,michigan-state,0.3,136,0.39,53,3.7,73,0.543,14.0,87,317,0.445,141,28.0,195,3.8,0.134
30,Jarnell Stokes,,5.2,4,3.3,,5,0.5,0,0.7,16.3,18,0.2,3,0.568,37,0.0,0.667,0.333,0.667,0.568,21,0.757,28,0.536,15,19,2,0,0,6-9,,126,United States of America,,-0.2,,14.6,16,0.3,,,,0.108,,0.0,1.0,0.027,0.081,0.243,0.649,25,18.6,stokeja01,0,57,,C,0,725000.0,3.7,,,0,,0,2.1,5,,MEM,0.0,0,,,0,,15.4,34,0.578,12.4,7,37,0.568,21,0.571,20.5,0.1,263,0.5,0.186,13.7,75,2.9,34,10.0,sec,4.3,23.1,237,2.6,0.531,375,0.531,199,0.613,230,0.696,160,37,37,6-8,1199,5.8,15.3,155,4.2,73,27.6,jarnell-stokes-1,558,575,Forward,1.4,26,tennessee,0.0,0,,0,19.2,392,0.576,13.7,77,375,0.531,199,24.6,260,6.8,0.227
31,Markel Brown,,7.4,39,1.2,,12,-2.7,0,0.3,13.0,91,0.7,10,0.402,210,0.279,0.316,0.348,0.541,0.362,76,0.271,57,0.825,47,47,29,1,0,6-3,,781,United States of America,,-3.0,,2.3,16,-0.2,,,,0.062,0.406,0.305,0.695,0.205,0.09,0.11,0.29,57,9.1,brownma02,0,216,,SG,0,507336.0,13.7,,,0,,0,2.1,31,,BRK,0.305,64,0.266,0.308,17,0.941,7.7,107,0.459,10.3,27,146,0.404,59,0.576,15.3,-0.1,190,0.5,0.031,16.9,99,3.1,35,8.8,big-12,2.9,12.9,143,2.0,0.541,402,0.473,190,0.483,194,0.768,149,34,34,6-3,1201,5.9,3.5,36,3.7,86,22.0,markel-brown-1,584,562,Guard,1.6,34,oklahoma-state,0.361,145,0.379,55,8.4,179,0.591,10.0,55,257,0.525,135,23.1,190,5.7,0.191
32,Cory Jefferson,,4.8,16,3.2,,21,-3.7,0,-0.4,20.6,98,0.6,21,0.455,167,0.355,0.519,0.389,0.586,0.449,75,0.323,54,0.574,31,50,1,1,0,6-9,,531,United States of America,,-3.3,,10.0,47,0.2,,,,0.174,0.333,0.09,0.91,0.186,0.162,0.216,0.347,61,13.2,jeffeco01,0,183,,PF,0,507336.0,9.5,,,0,,0,1.0,10,,BRK,0.09,15,0.133,0.4,2,1.0,15.3,145,0.48,9.5,20,152,0.48,73,0.534,18.1,-0.2,218,0.8,0.071,7.4,37,4.7,49,6.0,big-12,2.5,21.0,205,1.6,0.519,368,0.5,184,0.582,214,0.64,137,38,38,6-9,1103,3.4,11.6,107,3.3,83,23.8,cory-jefferson-1,519,487,Forward,0.8,15,baylor,0.103,38,0.368,14,16.4,312,0.553,9.8,51,330,0.515,170,24.2,220,4.9,0.179
33,Jabari Parker,,9.5,42,0.6,,5,-1.2,0,0.2,13.5,88,1.0,43,0.498,263,0.333,0.432,0.259,0.721,0.49,129,0.251,66,0.697,46,25,25,0,0,6-8,,738,United States of America,,-1.4,,7.8,50,0.4,,,,0.171,0.313,0.061,0.939,0.171,0.141,0.205,0.422,42,14.5,parkeja01,0,308,,PF,0,4930560.0,8.2,,,0,,0,2.1,31,,MIL,0.061,16,0.25,0.4,4,0.75,10.7,138,0.527,13.9,47,247,0.506,125,0.536,20.7,0.1,245,1.3,0.088,8.6,41,4.0,43,6.6,acc,2.3,23.1,201,1.9,0.511,499,0.473,236,0.429,214,0.748,160,35,35,6-8,1074,4.3,11.4,105,3.6,83,28.4,jabari-parker-1,670,623,Forward,2.1,37,duke,0.212,106,0.358,38,17.1,306,0.558,11.9,81,393,0.504,198,32.7,235,5.5,0.205
34,Sean Kilpatrick,,8.5,4,0.0,,0,-3.8,0,-3.0,8.2,5,0.0,1,0.45,20,1.0,0.0,,0.4,0.35,7,0.2,4,1.0,4,4,0,0,0,6-4,,72,United States of America,,-0.7,,1.5,1,0.1,,,,0.05,0.154,0.65,0.35,0.05,0.05,0.0,0.25,3,10.0,kilpase01,0,22,,SG,0,35000.0,16.9,,,0,,0,2.1,3,,MIN,0.65,13,0.308,0.5,4,1.0,4.8,6,0.506,8.4,2,7,0.429,3,0.333,14.6,0.0,210,0.1,0.033,18.5,86,0.1,1,9.5,aac,0.5,11.5,110,2.4,0.515,506,0.423,214,0.421,213,0.845,180,34,33,6-4,1149,9.0,3.6,36,4.7,46,26.2,sean-kilpatrick-1,701,631,Guard,2.6,48,cincinnati,0.528,267,0.348,93,7.5,146,0.577,10.3,70,239,0.506,121,30.6,210,7.2,0.25
35,Zach LaVine,,24.0,276,0.4,,10,-4.5,0,-2.7,11.6,187,0.0,39,0.465,677,0.354,0.333,0.316,0.631,0.422,286,0.261,177,0.842,149,77,40,3,0,6-6,,1902,United States of America,,-1.7,,1.6,27,-0.7,,,,0.062,0.144,0.247,0.753,0.292,0.066,0.117,0.276,158,11.3,lavinza01,0,778,,SG,0,2055840.0,14.1,,,0,,0,1.4,54,,MIN,0.247,167,0.341,0.375,57,0.789,6.4,214,0.515,20.4,193,510,0.449,229,0.349,22.0,-1.2,181,-0.7,-0.018,12.6,66,0.8,6,3.5,pac-12,0.7,9.5,76,1.2,0.524,288,0.441,127,0.236,68,0.691,47,37,1,6-5,904,2.8,2.4,18,1.4,73,14.6,zach-lavine-1,349,324,Guard,2.1,33,ucla,0.444,128,0.375,48,6.1,94,0.545,11.6,42,160,0.494,79,20.1,180,2.5,0.111
36,Andrew Wiggins,,9.8,170,1.3,,50,-2.3,0,-1.8,9.5,240,0.0,79,0.454,1137,0.305,0.38,0.347,0.665,0.437,497,0.41,466,0.76,354,82,82,1,0,6-7,,2969,Canada,,-0.5,,5.0,134,2.1,,,,0.077,0.246,0.111,0.889,0.225,0.162,0.193,0.307,190,13.9,wiggian01,0,1387,,SF,0,5510640.0,10.7,,,0,,0,1.5,86,,MIN,0.111,126,0.31,0.419,39,0.872,7.2,374,0.517,11.7,177,1011,0.453,458,0.489,22.6,-0.2,194,2.1,0.034,9.2,54,3.1,34,8.5,big-12,3.0,12.3,129,1.7,0.499,422,0.448,189,0.538,227,0.775,176,35,35,6-8,1148,5.4,8.4,76,3.2,94,21.4,andrew-wiggins-1,597,564,Guard,2.1,41,kansas,0.299,126,0.341,43,10.4,205,0.563,13.1,80,296,0.493,146,26.3,200,4.9,0.17
37,Shayne Whittington,,9.6,6,1.5,,2,0.5,0,0.0,19.3,19,0.2,3,0.464,42,0.6,0.0,0.333,0.615,0.452,19,0.548,23,0.783,18,20,0,0,0,6-11,,108,United States of America,,0.5,,10.3,10,0.3,,,,0.071,0.333,0.143,0.857,0.238,0.024,0.286,0.31,18,20.0,whittsh01,0,57,,PF,0,507336.0,9.8,,,0,,0,2.4,5,,IND,0.143,6,0.167,0.5,1,1.0,14.8,29,0.547,8.8,5,36,0.5,18,0.722,23.9,0.1,250,0.4,0.2,8.8,34,5.5,47,3.3,mac,2.3,22.6,201,2.0,0.535,357,0.527,188,0.426,152,0.77,117,31,31,6-11,987,0.9,9.8,74,2.9,74,25.5,shayne-whittington-1,499,471,Center,1.5,24,western-michigan,0.092,33,0.182,6,16.8,275,0.581,11.9,58,324,0.562,182,25.9,250,4.9,0.198
38,Aaron Gordon,,6.3,33,2.2,,22,-2.8,0,0.0,17.8,123,0.7,22,0.478,208,0.308,0.1,0.419,0.635,0.447,93,0.293,61,0.721,44,47,8,1,0,6-8,,797,United States of America,,-2.8,,6.4,46,0.3,,,,0.125,0.542,0.231,0.769,0.063,0.096,0.149,0.462,83,11.4,gordoaa01,0,243,,PF,0,3992040.0,9.5,,,0,,0,1.3,21,,ORL,0.231,48,0.271,0.346,13,0.923,12.0,169,0.517,13.9,38,160,0.5,80,0.488,15.5,-0.2,220,1.0,0.06,13.0,75,3.4,39,9.6,pac-12,6.7,19.3,201,3.3,0.516,382,0.495,189,0.471,180,0.422,76,38,38,6-9,1187,2.8,10.4,102,2.1,90,20.4,aaron-gordon-1,470,469,Forward,1.8,34,arizona,0.118,45,0.356,16,14.9,303,0.503,10.5,55,337,0.513,173,23.2,225,5.4,0.183
39,Elfrid Payton,,32.6,533,0.7,,20,-0.7,0,0.8,11.2,242,2.3,27,0.433,708,0.345,0.329,0.376,0.515,0.425,301,0.302,214,0.551,118,82,63,0,0,6-3,,2489,United States of America,,-1.5,,4.8,107,0.0,,,,0.041,0.31,0.059,0.941,0.078,0.103,0.301,0.458,193,13.8,paytoel01,0,731,,PG,0,2397840.0,6.9,,,0,,0,2.9,142,,ORL,0.059,42,0.262,0.385,11,0.909,7.9,349,0.456,20.2,203,666,0.435,290,0.179,18.3,0.8,185,2.3,0.044,32.9,208,1.7,21,6.8,sun-belt,2.1,11.7,129,1.9,0.524,466,0.509,237,0.648,302,0.609,184,35,34,6-3,1258,4.7,7.1,81,3.7,83,25.2,elfrid-payton-1,672,732,Guard,3.6,80,louisiana-lafayette,0.116,54,0.259,14,9.4,210,0.551,17.2,127,412,0.541,223,27.6,180,5.6,0.177
40,Jerrelle Benimon,,0.0,0,0.0,,0,-26.9,0,-6.6,76.6,2,0.0,0,,0,,,,,,0,,0,,0,2,0,0,0,6-8,,3,United States of America,,-20.3,,38.7,1,0.0,,,,,,,,,,,,0,4.7,benimje01,0,0,,PF,0,35000.0,,,,0,,0,0.0,0,,UTA,,0,,,0,,57.8,3,,100.0,1,0,,0,,15.3,0.0,245,0.0,-0.215,23.2,130.0,3.4,44.0,6.0,colonial,2.4,25.2,320.0,2.3,0.546,425.0,0.529,225.0,0.689,293.0,0.713,209.0,36.0,36.0,6-8,1307.0,3.7,7.7,84.0,4.2,104.0,26.9,jerrelle-benimon-1,673.0,691.0,Forward,1.2,25.0,towson,0.104,44.0,0.318,14.0,17.2,404.0,0.596,18.0,124.0,381.0,0.554,211.0,27.2,245,6.5,0.199
41,Patrick Christopher,,0.0,0,0.0,,0,-16.3,0,-5.7,15.9,4,0.0,0,0.25,12,0.5,,0.0,0.333,0.25,3,0.0,0,,0,4,1,0,0,6-5,,29,United States of America,,-10.6,,8.0,2,-0.1,,,,0.0,0.25,0.333,0.667,0.333,0.0,0.083,0.25,6,-2.6,chrispa01,0,6,,SG,0,,16.0,,,0,,0,1.8,1,,UTA,0.333,4,0.0,0.0,0,,12.0,6,0.25,7.7,1,8,0.375,3,0.0,20.6,-0.1,209,-0.1,-0.15,11.3,71,0.3,3,,pac-10,,13.3,140,1.7,0.51,457,0.446,204,0.204,93,0.86,80,35,35,6-5,1209,,5.1,50,3.5,72,,patrick-christopher-1,546,511.0,Guard,2.7,56,california,0.376,172,0.337,58,9.3,190,0.545,9.1,50,285,0.512,146,23.0,220,5.2,0.173
42,Jack Cooley,,1.8,1,2.8,,3,-4.0,0,0.4,19.8,15,0.2,0,0.409,22,0.25,0.0,0.286,0.6,0.409,9,0.955,21,0.429,9,16,0,0,0,6-9,,87,United States of America,,-4.4,,13.3,10,0.0,,,,0.0,,0.0,1.0,0.182,0.045,0.318,0.455,23,11.4,cooleja01,0,27,,PF,0,187357.0,6.5,,,0,,0,3.7,6,,UTA,0.0,0,,,0,,16.6,25,0.432,8.8,3,22,0.409,9,0.667,18.0,0.0,260,0.2,0.092,6.3,29,4.0,41,8.6,big-east,2.8,26.5,213,1.8,0.58,299,0.579,173,0.528,158,0.703,111,35,35,6-9,1026,5.8,17.4,141,4.1,93,28.4,jack-cooley-1,458,444,Forward,1.4,23,notre-dame,0.007,2,0.5,1,21.9,354,0.612,11.8,50,297,0.579,172,22.8,246,6.0,0.232
43,Bryce Cotton,,17.0,15,0.0,,0,-4.4,0,-3.2,10.8,15,0.1,2,0.471,69,0.348,0.429,0.538,0.667,0.42,29,0.261,18,0.833,15,15,0,0,0,6-1,,159,United States of America,,-1.2,,2.2,3,0.1,,,,0.029,0.1,0.29,0.71,0.333,0.101,0.188,0.087,6,14.5,cottobr01,0,80,,PG,0,152200,16.3,,,0,,0,1.3,4,,UTA,0.29,20,0.35,0.5,7,0.714,6.5,18,0.52,13.5,12,49,0.449,22,0.318,25.6,-0.1,165,0.2,0.067,34.8,205,0.2,3,7.1,big-east,-1.4,8.9,105,1.2,0.489,549,0.419,230,0.483,265,0.853,226,35,35,6-1,1398,8.5,1.6,19,5.5,51,23.9,bryce-cotton-1,763,759,Guard,1.5,35,providence,0.383,210,0.367,77,5.3,124,0.565,11.2,85,339,0.451,153,28.3,165,6.7,0.191
44,Rodney Hood,,13.2,83,0.9,,12,-1.1,0,-1.3,11.7,108,0.9,6,0.497,374,0.333,0.486,0.382,0.667,0.414,155,0.214,80,0.763,61,50,21,2,0,6-8,,1064,United States of America,,0.2,,1.0,9,1.3,,,,0.016,0.206,0.455,0.545,0.136,0.099,0.182,0.128,119,12.3,hoodro01,0,433,,SG,0,1290360.0,16.9,,,0,,0,1.5,30,,UTA,0.455,170,0.365,0.286,62,0.855,6.4,117,0.529,9.9,45,204,0.456,93,0.323,19.6,0.2,208,2.2,0.098,13.2,75.0,0.8,9.0,7.2,acc,0.6,11.7,109.0,1.2,0.55,412.0,0.464,191.0,0.328,135.0,0.807,109.0,35.0,33.0,6-8,1150.0,6.6,2.9,29.0,3.6,91.0,20.1,rodney-hood-1,562.0,507.0,Forward,1.3,25.0,duke,0.41,169.0,0.42,71.0,7.2,138.0,0.59,10.2,54.0,243.0,0.494,120.0,23.8,215,4.9,0.17
45,Elijah Millsap,,9.7,58,1.4,,16,-1.6,0,1.9,15.2,122,1.4,5,0.399,238,0.211,0.188,0.275,0.479,0.34,81,0.361,86,0.674,58,47,5,2,0,6-6,,924,United States of America,,-3.5,,3.5,28,-1.0,,,,0.025,0.333,0.378,0.622,0.08,0.067,0.168,0.307,124,7.9,millsel01,0,248,,SG,0,241731,13.6,,,0,,0,3.2,56,,UTA,0.378,90,0.311,0.367,28,0.964,9.4,150,0.45,19.5,67,148,0.358,53,0.34,17.0,0.1,225,0.4,0.02,13.5,60.0,1.1,11.0,,cusa,,24.5,232.0,3.0,0.458,418.0,0.435,182.0,0.565,236.0,0.695,164.0,34.0,34.0,6-6,1124.0,,9.5,92.0,1.7,111.0,,elijah-millsap-1,547.0,531.0,Guard,3.1,56.0,alabama-birmingham,0.189,79.0,0.241,19.0,16.9,324.0,0.516,18.2,118.0,339.0,0.481,163.0,29.8,210,4.7,0.169
46,Andre Dawkins,,6.6,1,0.0,,0,-11.5,0,-3.9,10.7,2,0.0,0,0.25,6,,,,,0.167,1,0.0,0,,0,4,0,0,0,6-5,,22,United States of America,,-7.5,,0.0,0,-0.1,,,,0.0,0.167,1.0,0.0,0.0,0.0,0.0,0.0,3,-5.0,dawkian01,0,3,,SG,0,59686,25.0,,,0,,0,0.0,0,,MIA,1.0,6,0.167,0.0,1,1.0,5.5,2,0.25,14.3,1,0,,0,,15.0,-0.1,215,-0.1,-0.172,5.6,12,1.1,5,7.2,acc,-1.6,10.1,37,0.5,0.614,189,0.444,84,0.196,37,0.811,30,33,4,6-5,453,8.8,1.5,6,1.6,43,22.4,andre-dawkins-1,262,204,Guard,2.0,15,duke,0.804,152,0.421,64,5.7,43,0.634,8.0,18,37,0.541,20,25.6,215,2.1,0.187
47,James Ennis,,7.2,48,1.4,,17,-1.5,0,-0.5,14.0,125,0.8,20,0.472,247,0.25,0.333,0.269,0.587,0.409,101,0.381,94,0.84,79,62,3,1,0,6-6,,1051,United States of America,,-0.9,,6.0,51,1.2,,,,0.093,0.453,0.385,0.615,0.113,0.024,0.105,0.372,89,11.5,ennisja01,0,312,,SF,0,507336.0,13.1,,,0,,0,1.3,25,,MIA,0.385,95,0.326,0.349,31,0.935,10.1,176,0.541,11.9,39,152,0.461,70,0.6,14.6,0.1,210,1.9,0.088,14.4,70,4.2,43,7.5,big-west,2.0,17.0,156,1.4,0.565,371,0.491,182,0.407,151,0.834,126,33,32,6-7,1093,5.6,6.9,65,3.4,75,25.3,james-ennis-1,545,517,Guard,3.1,58,long-beach-state,0.415,154,0.357,55,11.9,221,0.616,18.3,99,217,0.585,127,24.9,210,4.7,0.173
48,Shabazz Napier,,19.9,130,0.3,,4,-2.6,0,-0.6,11.2,96,0.8,0,0.476,228,0.408,0.5,0.143,0.457,0.382,87,0.246,56,0.786,44,51,10,1,0,6-0,,1012,United States of America,,-2.0,,2.1,17,-0.3,,,,0.0,0.246,0.518,0.482,0.215,0.053,0.061,0.154,76,9.3,napiesh01,0,261,,PG,0,1238640.0,18.5,,,0,,0,2.1,40,,MIA,0.518,118,0.364,0.379,43,0.791,6.7,113,0.517,24.3,81,110,0.4,44,0.205,15.5,-0.2,175,0.5,0.024,30.8,195,1.0,13,12.3,aac,4.1,15.0,196,3.1,0.517,496,0.429,213,0.48,238,0.87,207,40,40,6-1,1404,8.2,3.4,38,4.9,84,25.5,shabazz-napier-1,720,745,Guard,3.2,73,connecticut,0.433,215,0.405,87,9.7,234,0.591,15.8,114,281,0.448,126,27.5,180,7.9,0.226
49,Noah Vonleh,,2.5,4,2.7,,9,-5.6,0,-0.9,25.3,58,0.4,3,0.428,76,0.2,0.4,0.316,0.471,0.395,30,0.342,26,0.692,18,25,0,0,0,6-10,,259,United States of America,,-4.8,,11.6,28,0.1,,,,0.039,0.0,0.171,0.829,0.066,0.066,0.25,0.447,20,13.2,vonleno01,0,83,,PF,0,2524200.0,8.6,,,0,,0,0.8,4,,CHO,0.171,13,0.385,,5,0.8,18.3,86,0.475,11.2,11,63,0.397,25,0.36,17.3,-0.2,257,0.5,0.085,4.9,18,5.4,41,6.1,big-ten,4.9,27.3,198,2.0,0.56,216,0.523,113,0.62,134,0.716,96,30,29,6-10,794,1.2,10.8,71,1.6,81,22.2,noah-vonleh-1,338,321,Forward,1.9,26,indiana,0.153,33,0.485,16,19.4,269,0.604,18.6,64,183,0.53,97,21.4,240,3.6,0.182
50,Drew Gordon,,4.8,2,0.0,,0,-11.3,0,-2.3,17.7,11,0.1,1,0.421,19,0.0,0.0,0.667,0.667,0.421,8,0.105,2,0.5,1,9,0,0,0,6-9,,71,United States of America,,-9.0,,10.2,7,-0.2,,,,0.053,0.0,0.158,0.842,0.158,0.053,0.158,0.474,7,3.7,gordodr01,0,17,,PF,0,40000,9.4,,,0,,0,0.7,1,,PHI,0.158,3,0.0,,0,,13.7,18,0.428,28.7,8,16,0.5,8,0.875,17.1,-0.2,245,-0.1,-0.093,8.9,43,3.8,35,6.9,mwc,5.5,31.1,280,3.3,0.545,347,0.542,188,0.395,137,0.752,103,35,34,6-9,1078,1.5,12.4,108,2.8,78,24.8,drew-gordon-1,481,457.0,Forward,2.2,39,new-mexico,0.006,2,1.0,2,21.9,388,0.584,16.6,82,345,0.539,186,23.7,245,6.1,0.226
51,Jerami Grant,,9.4,79,4.0,,68,-3.3,0,1.0,12.3,149,1.4,27,0.422,352,0.25,0.214,0.111,0.54,0.352,124,0.548,193,0.591,114,65,11,0,0,6-8,,1377,United States of America,,-4.3,,3.7,49,-0.9,,,,0.082,0.276,0.443,0.557,0.068,0.04,0.128,0.321,144,8.7,grantje01,0,411,,PF,0,884879.0,14.0,,,0,,0,1.5,40,,PHI,0.443,156,0.314,0.372,49,0.98,7.8,198,0.47,16.3,85,196,0.383,75,0.613,16.5,-0.5,214,0.5,0.019,9.4,44,2.5,18,5.8,acc,2.5,17.2,139,1.9,0.496,268,0.496,133,0.664,178,0.674,120,32,20,6-8,1005,3.3,9.1,78,2.8,75,21.6,jerami-grant-1,386,379,Forward,1.7,26,syracuse,0.019,5,0.0,0,13.0,217,0.547,9.5,37,263,0.506,133,21.1,210,4.6,0.185
52,Nerlens Noel,,9.8,128.0,5.0,,142.0,0.8,0,4.5,21.0,426.0,4.2,118.0,0.462,653.0,0.273,0.309,0.288,0.662,0.462,302.0,0.352,230.0,0.609,140.0,75.0,71.0,0.0,0.0,6-10,,2311.0,United States of America,,-3.7,,8.3,185.0,-0.2,,,,0.193,,0.0,1.0,0.084,0.124,0.329,0.462,208.0,15.0,noelne01,0,744.0,,C,0,3315120.0,5.5,,,0,,0,2.9,133.0,,PHI,0.0,0.0,,,0.0,,14.3,611.0,0.493,16.2,146.0,653.0,0.462,302.0,0.672,17.0,1.6,220,4.0,0.083,9.5,38,13.2,106,14.6,sec,11.7,23.9,162,2.3,0.59,166,0.59,98,0.627,104,0.529,55,24,24,6-10,765,2.9,10.4,65,1.6,62,27.3,nerlens-noel-1,251,257,Forward,3.9,50,kentucky,0.0,0,,0,17.4,227,0.583,17.3,45,166,0.59,98,17.4,228,3.9,0.206
53,JaKarr Sampson,,12.0,77,1.9,,26,-4.4,0,-0.4,12.9,128,1.1,23,0.467,346,0.273,0.25,0.4,0.646,0.422,146,0.272,94,0.67,63,74,32,2,0,6-7,,1131,United States of America,,-4.0,,3.2,35,-0.5,,,,0.075,0.362,0.367,0.633,0.032,0.046,0.188,0.367,135,9.4,sampsja02,0,386,,SF,0,507336.0,12.0,,,0,,0,1.7,38,,PHI,0.367,127,0.244,0.217,31,0.968,7.8,163,0.498,16.4,76,219,0.525,115,0.47,17.9,-0.7,215,0.6,0.025,8.9,39,3.6,32,2.2,big-east,2.1,15.4,134,1.6,0.496,366,0.495,181,0.295,108,0.565,61,33,32,6-9,957,0.1,8.0,68,1.3,92,18.4,jakarr-sampson-1,424,400,Forward,1.3,21,st-johns-ny,0.014,5,0.2,1,11.8,202,0.508,11.1,52,361,0.499,180,24.9,214,2.8,0.119
54,Cleanthony Early,,9.1,36,1.5,,12,-5.2,0,-1.3,13.8,75,0.4,11,0.407,214,0.2,0.545,0.292,0.567,0.355,76,0.224,48,0.75,36,39,7,0,0,6-8,,647,United States of America,,-3.8,,3.8,22,-0.8,,,,0.065,0.31,0.393,0.607,0.164,0.051,0.112,0.28,57,8.4,earlycl01,0,210,,SF,0,507336,14.7,,,0,,0,2.0,24,,NYK,0.393,84,0.262,0.346,22,0.909,8.7,97,0.447,14.5,40,130,0.415,54,0.593,19.6,-0.5,210,-0.4,-0.03,6.4,27,3.3,28,7.1,mvc,1.9,18.6,165,2.5,0.57,386,0.484,187,0.464,179,0.844,151,36,36,6-8,986,5.3,5.9,48,3.6,83,26.5,cleanthony-early-1,591,507,Forward,1.8,29,wichita-state,0.459,177,0.373,66,12.5,213,0.627,12.9,70,209,0.579,121,28.8,219,6.1,0.246
55,Langston Galloway,,17.6,150,0.7,,12,-1.1,0,-1.1,12.5,153,0.6,9,0.46,511,0.434,0.366,0.273,0.5,0.399,204,0.153,78,0.808,63,45,41,5,1,6-1,,1457,United States of America,,0.0,,2.9,37,0.7,,,,0.02,0.131,0.344,0.656,0.266,0.08,0.086,0.219,129,12.3,gallola01,0,533,,SG,0,235762.0,16.1,,,0,,0,1.9,52,,NYK,0.344,176,0.352,0.304,62,0.742,7.5,190,0.489,10.1,61,335,0.424,142,0.472,19.2,0.3,200,1.3,0.043,9.3,53,1.5,17,6.9,atlantic-10,-0.1,10.5,117,1.6,0.57,428,0.444,190,0.322,138,0.826,114,34,34,6-2,1231,7.0,2.8,28,4.2,81,21.5,langston-galloway-1,602,523,Guard,1.8,36,saint-josephs,0.57,244,0.443,108,6.9,145,0.61,5.4,28,184,0.446,82,22.4,202,5.8,0.19
56,Travis Wear,,9.9,40,1.4,,11,-6.1,0,-1.6,13.3,75,0.2,0,0.428,209,0.364,0.429,0.625,0.4,0.402,84,0.124,26,0.769,20,51,1,0,0,6-10,,672,United States of America,,-4.5,,5.2,31,-0.5,,,,0.005,0.3,0.144,0.856,0.421,0.234,0.077,0.12,55,8.5,weartr01,0,199,,SF,0,507336,15.6,,,0,,0,1.2,15,,NYK,0.144,30,0.367,0.333,11,0.818,9.1,106,0.451,13.7,35,179,0.408,73,0.493,17.5,-0.7,230,-0.3,-0.02,10.2,49.0,3.4,23.0,6.5,pac-12,3.4,10.4,75.0,1.1,0.558,198.0,0.53,105.0,0.152,30.0,0.833,25.0,34.0,28.0,6-10,812.0,3.1,4.9,33.0,1.8,104.0,15.3,travis-wear-1,246.0,240.0,Forward,1.8,25.0,ucla,0.126,25.0,0.44,11.0,7.8,108.0,0.58,5.8,13.0,173.0,0.543,94.0,13.9,230,2.9,0.143
